congress,e_year
1,1788
2,1790
3,1792
4,1794
5,1796
6,1798
7,1800
8,1802
9,1804
10,1806
11,1808
12,1810
13,1812
14,1814
15,1816
16,1818
17,1820
18,1822
19,1824
20,1826
21,1828
22,1830
23,1832
24,1834
25,1836
26,1838
27,1840
28,1842
29,1844
30,1846
31,1848
32,1850
33,1852
34,1854
35,1856
36,1858
37,1860
38,1862
39,1864
40,1866
41,1868
42,1870
43,1872
44,1874
45,1876
46,1878
47,1880
48,1882
49,1884
50,1886
51,1888
52,1890
53,1892
54,1894
55,1896
56,1898
57,1900
58,1902
59,1904
60,1906
61,1908
62,1910
63,1912
64,1914
65,1916
66,1918
67,1920
68,1922
69,1924
70,1926
71,1928
72,1930
73,1932
74,1934
75,1936
76,1938
77,1940
78,1942
79,1944
80,1946
81,1948
82,1950
83,1952
84,1954
85,1956
86,1958
87,1960
88,1962
89,1964
90,1966
91,1968
92,1970
93,1972
94,1974
95,1976
96,1978
97,1980
98,1982
99,1984
100,1986
101,1988
102,1990
103,1992
104,1994
105,1996
106,1998
107,2000
108,2002
109,2004
110,2006
111,2008
112,2010
113,2012
114,2014
115,2016
116,2018
117,2020