"","congress","e_year","term_start","term_end"
"1",1,1788,1789,1791
"2",2,1790,1791,1793
"3",3,1792,1793,1795
"4",4,1794,1795,1797
"5",5,1796,1797,1799
"6",6,1798,1799,1801
"7",7,1800,1801,1803
"8",8,1802,1803,1805
"9",9,1804,1805,1807
"10",10,1806,1807,1809
"11",11,1808,1809,1811
"12",12,1810,1811,1813
"13",13,1812,1813,1815
"14",14,1814,1815,1817
"15",15,1816,1817,1819
"16",16,1818,1819,1821
"17",17,1820,1821,1823
"18",18,1822,1823,1825
"19",19,1824,1825,1827
"20",20,1826,1827,1829
"21",21,1828,1829,1831
"22",22,1830,1831,1833
"23",23,1832,1833,1835
"24",24,1834,1835,1837
"25",25,1836,1837,1839
"26",26,1838,1839,1841
"27",27,1840,1841,1843
"28",28,1842,1843,1845
"29",29,1844,1845,1847
"30",30,1846,1847,1849
"31",31,1848,1849,1851
"32",32,1850,1851,1853
"33",33,1852,1853,1855
"34",34,1854,1855,1857
"35",35,1856,1857,1859
"36",36,1858,1859,1861
"37",37,1860,1861,1863
"38",38,1862,1863,1865
"39",39,1864,1865,1867
"40",40,1866,1867,1869
"41",41,1868,1869,1871
"42",42,1870,1871,1873
"43",43,1872,1873,1875
"44",44,1874,1875,1877
"45",45,1876,1877,1879
"46",46,1878,1879,1881
"47",47,1880,1881,1883
"48",48,1882,1883,1885
"49",49,1884,1885,1887
"50",50,1886,1887,1889
"51",51,1888,1889,1891
"52",52,1890,1891,1893
"53",53,1892,1893,1895
"54",54,1894,1895,1897
"55",55,1896,1897,1899
"56",56,1898,1899,1901
"57",57,1900,1901,1903
"58",58,1902,1903,1905
"59",59,1904,1905,1907
"60",60,1906,1907,1909
"61",61,1908,1909,1911
"62",62,1910,1911,1913
"63",63,1912,1913,1915
"64",64,1914,1915,1917
"65",65,1916,1917,1919
"66",66,1918,1919,1921
"67",67,1920,1921,1923
"68",68,1922,1923,1925
"69",69,1924,1925,1927
"70",70,1926,1927,1929
"71",71,1928,1929,1931
"72",72,1930,1931,1933
"73",73,1932,1933,1935
"74",74,1934,1935,1937
"75",75,1936,1937,1939
"76",76,1938,1939,1941
"77",77,1940,1941,1943
"78",78,1942,1943,1945
"79",79,1944,1945,1947
"80",80,1946,1947,1949
"81",81,1948,1949,1951
"82",82,1950,1951,1953
"83",83,1952,1953,1955
"84",84,1954,1955,1957
"85",85,1956,1957,1959
"86",86,1958,1959,1961
"87",87,1960,1961,1963
"88",88,1962,1963,1965
"89",89,1964,1965,1967
"90",90,1966,1967,1969
"91",91,1968,1969,1971
"92",92,1970,1971,1973
"93",93,1972,1973,1975
"94",94,1974,1975,1977
"95",95,1976,1977,1979
"96",96,1978,1979,1981
"97",97,1980,1981,1983
"98",98,1982,1983,1985
"99",99,1984,1985,1987
"100",100,1986,1987,1989
"101",101,1988,1989,1991
"102",102,1990,1991,1993
"103",103,1992,1993,1995
"104",104,1994,1995,1997
"105",105,1996,1997,1999
"106",106,1998,1999,2001
"107",107,2000,2001,2003
"108",108,2002,2003,2005
"109",109,2004,2005,2007
"110",110,2006,2007,2009
"111",111,2008,2009,2011
"112",112,2010,2011,2013
"113",113,2012,2013,2015
"114",114,2014,2015,2017
"115",115,2016,2017,2019
"116",116,2018,2019,2021
"117",117,2020,2021,2023
